first_name,last_name,email
Derek,Ghelardi,dghelardi0@alibaba.com
Constantin,Ramsby,cramsby1@blog.com
Lorine,Grisewood,lgrisewood2@discovery.com
Carole,Leathe,cleathe3@icio.us
Mirabel,Smaling,msmaling4@fc2.com
Kevan,Galsworthy,kgalsworthy5@blinklist.com
Alexa,Baumler,abaumler6@ameblo.jp
Rea,Kincey,rkincey7@macromedia.com
Neala,Bleything,nbleything8@chron.com
Franny,Basilotta,fbasilotta9@engadget.com
Neile,Penk,npenka@omniture.com
Giraud,Gertz,ggertzb@de.vu
Adelice,Tambling,atamblingc@dagondesign.com
Skip,Daville,sdavilled@discuz.net
Fawn,Caselick,fcaselicke@ebay.co.uk
Charles,Strutley,cstrutleyf@fastcompany.com
Lamar,Buttel,lbuttelg@webeden.co.uk
Marlene,Gymlett,mgymletth@aol.com
Astrid,Dalby,adalbyi@1688.com
Natty,Casine,ncasinej@abc.net.au
Horace,Parmiter,hparmiterk@google.it
Alfy,Gotmann,agotmannl@ask.com
Iosep,Bolden,iboldenm@toplist.cz
Claudianus,Brumpton,cbrumptonn@ed.gov
Lew,Merriton,lmerritono@about.com
Anderson,Gowen,agowenp@lycos.com
Ailbert,Franks,afranksq@paginegialle.it
Nolly,Collyer,ncollyerr@yandex.ru
Clemmie,Sudell,csudells@artisteer.com
Bryn,Clohisey,bclohiseyt@abc.net.au
Matias,Worge,mworgeu@state.gov
Patrice,Wooder,pwooderv@ask.com
Paulo,Drover,pdroverw@si.edu
Gizela,Blasli,gblaslix@dagondesign.com
Emerson,Steptow,esteptowy@t.co
Jania,McConaghy,jmcconaghyz@cdbaby.com
Erasmus,Muncaster,emuncaster10@ed.gov
Wain,Heibl,wheibl11@1688.com
Marcy,Leipnik,mleipnik12@aboutads.info
Velvet,Carlsson,vcarlsson13@npr.org
Athene,Connah,aconnah14@bloglines.com
Marta,D'Adamo,mdadamo15@globo.com
Kareem,Twitty,ktwitty16@washington.edu
Sandye,Kingsnod,skingsnod17@pagesperso-orange.fr
Timmie,Ivakhin,tivakhin18@admin.ch
Donni,Yearne,dyearne19@instagram.com
Randolf,Coling,rcoling1a@state.gov
Jacintha,Maidlow,jmaidlow1b@quantcast.com
Noell,Saul,nsaul1c@goodreads.com
Liana,Fauguel,lfauguel1d@angelfire.com
Keri,Ceely,kceely1e@loc.gov
Hermine,Gosforth,hgosforth1f@aol.com
Mendy,Beedle,mbeedle1g@wikipedia.org
Nikolaos,Splain,nsplain1h@statcounter.com
Marje,Padbery,mpadbery1i@buzzfeed.com
Scott,Duckers,sduckers1j@example.com
Emmet,Gauvin,egauvin1k@t.co
Blaire,Kyffin,bkyffin1l@economist.com
Tova,Salzen,tsalzen1m@ca.gov
Sanderson,Srutton,ssrutton1n@ow.ly
Pamelina,Tabram,ptabram1o@oaic.gov.au
Horton,Bertolaccini,hbertolaccini1p@google.com
Grace,Parmenter,gparmenter1q@creativecommons.org
Sheilah,Antcliffe,santcliffe1r@posterous.com
Berte,Skipworth,bskipworth1s@cam.ac.uk
Garvin,Maffey,gmaffey1t@blogs.com
Otha,Costa,ocosta1u@phoca.cz
Dahlia,Kleinhaus,dkleinhaus1v@noaa.gov
Delphine,Giscken,dgiscken1w@webnode.com
Camella,Smyley,csmyley1x@slate.com
Esme,Barbosa,ebarbosa1y@salon.com
Morey,Skeldon,mskeldon1z@princeton.edu
Abby,Tremouille,atremouille20@statcounter.com
Rodney,Bertomeu,rbertomeu21@netscape.com
Tybie,Crosi,tcrosi22@nature.com
Rafaelia,Wooldridge,rwooldridge23@wix.com
Adelina,Goaks,agoaks24@4shared.com
Vinita,Josephov,vjosephov25@vkontakte.ru
Harli,McGilvary,hmcgilvary26@blogspot.com
Urbain,Larciere,ularciere27@senate.gov
Shelby,Gannaway,sgannaway28@ca.gov
Errol,O' Byrne,eobyrne29@icio.us
Phillipe,Cheeld,pcheeld2a@bing.com
Hilton,Bannon,hbannon2b@devhub.com
Dicky,Crosse,dcrosse2c@so-net.ne.jp
Goldarina,Dudenie,gdudenie2d@weather.com
Garold,Szapiro,gszapiro2e@va.gov
Carolan,Fante,cfante2f@boston.com
Tammy,Gibbs,tgibbs2g@virginia.edu
Lydon,Fleet,lfleet2h@i2i.jp
Odo,Kernar,okernar2i@pagesperso-orange.fr
Eden,Jone,ejone2j@google.ca
Christen,Guenther,cguenther2k@princeton.edu
Sauncho,Keates,skeates2l@php.net
Cammy,Mattielli,cmattielli2m@latimes.com
Joshua,Dielhenn,jdielhenn2n@ebay.com
Della,Brinded,dbrinded2o@usa.gov
Petunia,Lorenzo,plorenzo2p@nps.gov
Isis,Klimashevich,iklimashevich2q@weather.com
Lucina,Boak,lboak2r@yahoo.com
Ozzy,Beglin,obeglin2s@cloudflare.com
Court,Milbourne,cmilbourne2t@1und1.de
Jeniece,Tanser,jtanser2u@google.com.au
Karie,Spalls,kspalls2v@diigo.com
Garek,Jarrel,gjarrel2w@bluehost.com
Kristos,Dominichelli,kdominichelli2x@vinaora.com
Nickolas,Dunstan,ndunstan2y@gmpg.org
Emery,People,epeople2z@tmall.com
Christan,Maris,cmaris30@google.ca
Allyce,Keigher,akeigher31@networkadvertising.org
Michaeline,Bauduin,mbauduin32@moonfruit.com
Alexandre,Lavery,alavery33@wunderground.com
Ketti,Leadstone,kleadstone34@hubpages.com
Bond,Alpe,balpe35@smugmug.com
Patsy,Jaggi,pjaggi36@nydailynews.com
Riki,Rosenauer,rrosenauer37@cyberchimps.com
Elset,Fawcett,efawcett38@time.com
Leanora,Ridgwell,lridgwell39@sciencedirect.com
Lexy,McGriele,lmcgriele3a@mail.ru
Trent,Pero,tpero3b@barnesandnoble.com
Dan,Medford,dmedford3c@ifeng.com
Terrance,Grisard,tgrisard3d@amazon.co.uk
Nettie,Steptoe,nsteptoe3e@princeton.edu
Caleb,Boarder,cboarder3f@japanpost.jp
Dylan,De Beauchamp,ddebeauchamp3g@guardian.co.uk
Liliane,O'Collopy,locollopy3h@alibaba.com
Geneva,Capini,gcapini3i@thetimes.co.uk
Mart,Tran,mtran3j@amazon.co.uk
Marius,Banaszczyk,mbanaszczyk3k@nationalgeographic.com
Collette,Feyer,cfeyer3l@bloglovin.com
Roch,Cuseck,rcuseck3m@slideshare.net
Pietra,Rizzotto,prizzotto3n@statcounter.com
Abelard,Wyke,awyke3o@prnewswire.com
Kellsie,Foro,kforo3p@issuu.com
Halie,Reaveley,hreaveley3q@va.gov
Inger,Pople,ipople3r@gnu.org
Kelvin,Sneller,ksneller3s@deliciousdays.com
Todd,Rosenberg,trosenberg3t@arstechnica.com
Chloette,Dallicoat,cdallicoat3u@china.com.cn
Rice,Rumsey,rrumsey3v@msu.edu
Milo,Brannigan,mbrannigan3w@techcrunch.com
Almeta,Kunrad,akunrad3x@sciencedirect.com
Denyse,Spalls,dspalls3y@state.gov
Brandtr,Van Merwe,bvanmerwe3z@eepurl.com
Skylar,Gwyneth,sgwyneth40@cargocollective.com
Gayle,Johnsson,gjohnsson41@amazon.com
Derrick,Newling,dnewling42@addthis.com
Kala,Mallinder,kmallinder43@reverbnation.com
Vickie,Teideman,vteideman44@slashdot.org
Josi,Smurfit,jsmurfit45@sohu.com
Gustave,Lynes,glynes46@fastcompany.com
Rustin,Clotworthy,rclotworthy47@answers.com
Malina,Frugier,mfrugier48@google.com.au
Ediva,Curnock,ecurnock49@examiner.com
Philippine,Bunyan,pbunyan4a@clickbank.net
Thomasa,Amberger,tamberger4b@patch.com
Paquito,Daffern,pdaffern4c@creativecommons.org
Virgie,Snasel,vsnasel4d@artisteer.com
Dar,Domney,ddomney4e@ed.gov
Mose,McGarva,mmcgarva4f@umich.edu
Lorine,Wasteney,lwasteney4g@vkontakte.ru
Roch,Hanington,rhanington4h@yolasite.com
Nettle,Flight,nflight4i@mlb.com
Rafaela,Hully,rhully4j@last.fm
Ina,Willoughby,iwilloughby4k@blogtalkradio.com
Julissa,Caulcott,jcaulcott4l@istockphoto.com
Kyle,Calendar,kcalendar4m@1688.com
Anson,Pullan,apullan4n@posterous.com
Armin,Dinnage,adinnage4o@oracle.com
Michele,Losselyong,mlosselyong4p@tripod.com
Sayre,Pattrick,spattrick4q@networkadvertising.org
Gayler,Magowan,gmagowan4r@histats.com
Nadya,Rottger,nrottger4s@xrea.com
Pauletta,Joselovitch,pjoselovitch4t@google.com.au
Zedekiah,Witten,zwitten4u@telegraph.co.uk
Emelita,Clail,eclail4v@pen.io
Amelia,Bickerstaffe,abickerstaffe4w@github.io
Blakelee,Alf,balf4x@addtoany.com
Jarret,Shanley,jshanley4y@google.com
Bondy,Bartak,bbartak4z@ovh.net
Nadean,Ceyssen,nceyssen50@youku.com
Gratiana,Aitcheson,gaitcheson51@upenn.edu
Katrine,McVitie,kmcvitie52@ifeng.com
Verney,Kaley,vkaley53@fda.gov
Israel,Brosi,ibrosi54@ft.com
Kerry,Szymoni,kszymoni55@dmoz.org
Rey,Bassilashvili,rbassilashvili56@nbcnews.com
Carmella,Brigden,cbrigden57@diigo.com
Ginnifer,Pyott,gpyott58@pbs.org
Aliza,Rubinowitch,arubinowitch59@amazonaws.com
Bob,Pash,bpash5a@tumblr.com
Pearla,O'Sculley,posculley5b@stumbleupon.com
Charin,Campanelle,ccampanelle5c@slate.com
Brinn,Scohier,bscohier5d@cornell.edu
Anjela,Packman,apackman5e@tiny.cc
Brandice,Gebb,bgebb5f@foxnews.com
Chastity,Coventry,ccoventry5g@weibo.com
Damaris,Kedwell,dkedwell5h@dot.gov
Sharla,Bloxland,sbloxland5i@europa.eu
Tye,Dunstone,tdunstone5j@who.int
Friederike,Britee,fbritee5k@tumblr.com
Avrom,Culvey,aculvey5l@sina.com.cn
Pasquale,Castel,pcastel5m@pen.io
Gunar,Harsant,gharsant5n@blog.com
Maureene,Ovington,movington5o@woothemes.com
Armand,Whissell,awhissell5p@livejournal.com
Ailene,Mearing,amearing5q@admin.ch
Haily,Lewington,hlewington5r@wired.com
Fancy,Danilewicz,fdanilewicz5s@eepurl.com
Ted,Jenson,tjenson5t@miitbeian.gov.cn
Maridel,Search,msearch5u@bloomberg.com
Prue,Jeremiah,pjeremiah5v@mozilla.org
Meriel,Pinfold,mpinfold5w@ucsd.edu
Alden,Reay,areay5x@topsy.com
Erda,Thorley,ethorley5y@woothemes.com
Cinderella,Moulsdall,cmoulsdall5z@wikipedia.org
Holly-anne,Luca,hluca60@weather.com
Brande,Petroff,bpetroff61@noaa.gov
Sullivan,Ahmad,sahmad62@topsy.com
Klarrisa,Pulsford,kpulsford63@tamu.edu
Colan,Jecks,cjecks64@uiuc.edu
Tedi,O'Lochan,tolochan65@infoseek.co.jp
Susannah,Amoore,samoore66@parallels.com
Lidia,Totman,ltotman67@slate.com
Sibella,Worland,sworland68@sohu.com
Camille,McEntegart,cmcentegart69@parallels.com
Melisenda,Georgeau,mgeorgeau6a@npr.org
Oona,Olekhov,oolekhov6b@sitemeter.com
Nial,Wathey,nwathey6c@sciencedaily.com
Germayne,Kernar,gkernar6d@t-online.de
Christa,Grabb,cgrabb6e@cbslocal.com
Basilius,De Biasi,bdebiasi6f@thetimes.co.uk
Arlin,Yorke,ayorke6g@comcast.net
Jeri,Napper,jnapper6h@slideshare.net
Stepha,Sampson,ssampson6i@youtu.be
Cecile,Lagde,clagde6j@clickbank.net
Donnell,Dines,ddines6k@fda.gov
Roxie,Jiras,rjiras6l@themeforest.net
Roberto,Paulisch,rpaulisch6m@hp.com
Kayla,Berks,kberks6n@japanpost.jp
Vivi,Prout,vprout6o@yandex.ru
Quint,Elwyn,qelwyn6p@slideshare.net
Hilary,Fildery,hfildery6q@wunderground.com
West,Woodwind,wwoodwind6r@drupal.org
Aridatha,Hamshar,ahamshar6s@blinklist.com
Britni,Sanger,bsanger6t@ihg.com
Gregoor,Winspar,gwinspar6u@prweb.com
Felix,Nockles,fnockles6v@webnode.com
Erminia,Carbry,ecarbry6w@linkedin.com
Barbara,Danter,bdanter6x@wikimedia.org
Barth,Camble,bcamble6y@free.fr
Boyd,Crippes,bcrippes6z@japanpost.jp
Imogen,Gasperi,igasperi70@squarespace.com
Rickert,Schruurs,rschruurs71@cisco.com
Roosevelt,Gulley,rgulley72@howstuffworks.com
Carolann,Deavin,cdeavin73@xing.com
Bobbette,Parman,bparman74@economist.com
Lem,Brick,lbrick75@earthlink.net
Gypsy,Featherston,gfeatherston76@gravatar.com
Jordan,Rushford,jrushford77@google.ca
Ax,Daft,adaft78@webs.com
Liza,McGinly,lmcginly79@jigsy.com
Minette,Redmore,mredmore7a@dyndns.org
Eugine,Perutto,eperutto7b@jugem.jp
Maegan,Cosford,mcosford7c@sphinn.com
Ruby,Rebert,rrebert7d@stanford.edu
Ame,Kestian,akestian7e@berkeley.edu
Reamonn,Tackes,rtackes7f@cam.ac.uk
Marwin,Kermode,mkermode7g@cam.ac.uk
Baillie,MacSweeney,bmacsweeney7h@go.com
Benni,Emmatt,bemmatt7i@microsoft.com
Frieda,Ravenscroftt,fravenscroftt7j@sogou.com
Norry,Lumb,nlumb7k@youtube.com
Jessie,Hannond,jhannond7l@addthis.com
Josi,Fosten,jfosten7m@wix.com
Dwight,Union,dunion7n@acquirethisname.com
Cirillo,Sigg,csigg7o@ifeng.com
Antonia,Patrone,apatrone7p@cyberchimps.com
Prudy,Hovy,phovy7q@engadget.com
Ginnifer,Azam,gazam7r@skyrock.com
Rawley,Ifill,rifill7s@squarespace.com
Mikey,De Andisie,mdeandisie7t@nydailynews.com
Ron,Wadley,rwadley7u@smh.com.au
Gray,Benjamin,gbenjamin7v@nbcnews.com
Bent,Churchill,bchurchill7w@ycombinator.com
Melinde,Braisby,mbraisby7x@oaic.gov.au
Theodoric,Creamer,tcreamer7y@xing.com
Carena,Pendreigh,cpendreigh7z@nps.gov
Normy,Kidstone,nkidstone80@spiegel.de
Berrie,Limon,blimon81@multiply.com
Sandi,Chelnam,schelnam82@sourceforge.net
Elle,Silveston,esilveston83@marriott.com
Reese,Kesten,rkesten84@comcast.net
Brittani,Winterton,bwinterton85@163.com
Adora,Atcherley,aatcherley86@vkontakte.ru
Thalia,Divine,tdivine87@state.gov
Shir,Kenzie,skenzie88@wikipedia.org
Karim,Sloane,ksloane89@creativecommons.org
Gerhardine,Lydiate,glydiate8a@cnet.com
Annnora,Ormesher,aormesher8b@engadget.com
Noel,Bloxland,nbloxland8c@senate.gov
Hilda,Gery,hgery8d@sitemeter.com
Jedd,Cortes,jcortes8e@360.cn
Liane,Maffioletti,lmaffioletti8f@amazon.de
Bernete,Medlen,bmedlen8g@toplist.cz
Chauncey,Shee,cshee8h@umich.edu
Amos,Ogers,aogers8i@hao123.com
Lek,Curm,lcurm8j@auda.org.au
Cordi,Stollwerk,cstollwerk8k@goo.gl
Philipa,Alwood,palwood8l@google.com.hk
Gus,McChruiter,gmcchruiter8m@google.ru
Wandie,Starcks,wstarcks8n@topsy.com
Man,Bendare,mbendare8o@prnewswire.com
Nollie,Kaaskooper,nkaaskooper8p@earthlink.net
Binnie,Brackenbury,bbrackenbury8q@amazonaws.com
Aldus,Swinerd,aswinerd8r@prnewswire.com
Darby,Gownge,dgownge8s@bing.com
Vanni,Muglestone,vmuglestone8t@domainmarket.com
Ely,Emmanueli,eemmanueli8u@upenn.edu
Karlotta,Cord,kcord8v@canalblog.com
Willem,Durran,wdurran8w@canalblog.com
Beatrix,Enderby,benderby8x@state.gov
Mamie,Johnys,mjohnys8y@mail.ru
Franklin,Kefford,fkefford8z@boston.com
Thorny,Tarbet,ttarbet90@jalbum.net
Maure,Huikerby,mhuikerby91@github.com
Lilas,Cordet,lcordet92@themeforest.net
Felic,Vassano,fvassano93@mlb.com
Rosalyn,Scarratt,rscarratt94@cdbaby.com
Allis,Knoles,aknoles95@canalblog.com
Fonsie,Labba,flabba96@examiner.com
Reina,Bosworth,rbosworth97@hao123.com
Mikey,Tullett,mtullett98@xinhuanet.com
Gaylord,Greenshiels,ggreenshiels99@mapy.cz
Carry,Doulden,cdoulden9a@github.io
Cristian,Game,cgame9b@eepurl.com
Abbe,Galgey,agalgey9c@walmart.com
Lenee,Gurge,lgurge9d@europa.eu
Whitney,Clarae,wclarae9e@surveymonkey.com
Ingar,Gidden,igidden9f@cloudflare.com
Lauritz,Poller,lpoller9g@google.pl
Chick,McCaughren,cmccaughren9h@dedecms.com
Davin,Tousey,dtousey9i@sbwire.com
Kelwin,Knox,kknox9j@dion.ne.jp
Krysta,Polleye,kpolleye9k@cafepress.com
Timothee,Franklin,tfranklin9l@buzzfeed.com
Mufi,Kitcat,mkitcat9m@miibeian.gov.cn
Leontine,De Courtney,ldecourtney9n@princeton.edu
Brucie,Novic,bnovic9o@clickbank.net
Alexis,Skyram,askyram9p@wordpress.org
Cilka,Osboldstone,cosboldstone9q@theatlantic.com
Vaclav,Eastby,veastby9r@google.pl
Priscella,Dugood,pdugood9s@slideshare.net
Ancell,Epple,aepple9t@google.nl
Erina,Gwilliams,egwilliams9u@china.com.cn
Elwin,Kinnerley,ekinnerley9v@icq.com
Sherrie,Skiplorne,sskiplorne9w@shop-pro.jp
Crysta,Philippou,cphilippou9x@newyorker.com
Haslett,Cecere,hcecere9y@alexa.com
Gillie,Scarsbrook,gscarsbrook9z@columbia.edu
Yancey,Niland,ynilanda0@gizmodo.com
Patrice,Giacomini,pgiacominia1@marriott.com
Lindi,Lampett,llampetta2@reverbnation.com
Darnell,Wilshin,dwilshina3@disqus.com
Tracy,Osban,tosbana4@twitter.com
Katherina,Blaske,kblaskea5@constantcontact.com
Iosep,Evangelinos,ievangelinosa6@tuttocitta.it
Moria,Clemetts,mclemettsa7@amazon.de
Gennie,MacCaull,gmaccaulla8@slashdot.org
Devin,Hoxey,dhoxeya9@bbb.org
Griselda,Alasdair,galasdairaa@a8.net
Eddy,Berndtsson,eberndtssonab@cdbaby.com
Webster,Berthon,wberthonac@multiply.com
Ara,Taillant,ataillantad@skype.com
Roanna,De Rye Barrett,rderyebarrettae@smh.com.au
Suzi,Edmonds,sedmondsaf@thetimes.co.uk
Marlo,Handrek,mhandrekag@free.fr
Verine,Ridolfo,vridolfoah@mapy.cz
Lind,Pride,lprideai@ihg.com
Theresita,Matskevich,tmatskevichaj@pbs.org
Jozef,Rzehor,jrzehorak@diigo.com
Danika,Adiscot,dadiscotal@berkeley.edu
Zebedee,Barkaway,zbarkawayam@redcross.org
Maddie,O'Corrane,mocorranean@ifeng.com
Wilie,Roizn,wroiznao@slideshare.net
Felice,Campelli,fcampelliap@about.com
Brannon,Merryweather,bmerryweatheraq@4shared.com
Garv,Schout,gschoutar@shutterfly.com
Gunar,Giottoi,ggiottoias@youtu.be
Kirk,Aaronson,kaaronsonat@hao123.com
Blisse,Danielczyk,bdanielczykau@meetup.com
Georgia,Cowitz,gcowitzav@surveymonkey.com
Diana,Eberlein,deberleinaw@lulu.com
Craggy,Ferry,cferryax@smh.com.au
Sal,Marushak,smarushakay@ft.com
Addy,Martinat,amartinataz@tiny.cc
Danny,Bugg,dbuggb0@usda.gov
Con,Iacobini,ciacobinib1@studiopress.com
Kerry,Goozee,kgoozeeb2@google.pl
Jerome,Mossbee,jmossbeeb3@telegraph.co.uk
Miner,Tomik,mtomikb4@tmall.com
Halie,Andreu,handreub5@yale.edu
Zandra,Wheeldon,zwheeldonb6@cyberchimps.com
Stern,Whiley,swhileyb7@xinhuanet.com
Randene,Pellatt,rpellattb8@columbia.edu
Neille,Daubney,ndaubneyb9@illinois.edu
Charyl,Nouch,cnouchba@nsw.gov.au
Noella,Molines,nmolinesbb@g.co
Joann,Laudham,jlaudhambc@ed.gov
Karalynn,Swenson,kswensonbd@weibo.com
Devlin,Charrette,dcharrettebe@newyorker.com
Forest,Crookshank,fcrookshankbf@spotify.com
Kasey,MacMaykin,kmacmaykinbg@nymag.com
Markus,McClaughlin,mmcclaughlinbh@washington.edu
Gaylord,Ashbrook,gashbrookbi@statcounter.com
Rae,Kimbury,rkimburybj@yolasite.com
Tabbi,Surmeyers,tsurmeyersbk@bandcamp.com
Marti,Kleinmann,mkleinmannbl@blogs.com
Xylina,Glencrash,xglencrashbm@bbc.co.uk
Laraine,Alldread,lalldreadbn@fda.gov
Decca,Oxlade,doxladebo@ezinearticles.com
Aguie,Fist,afistbp@sakura.ne.jp
Abby,Sara,asarabq@washingtonpost.com
Mame,Polk,mpolkbr@twitter.com
Lula,Aburrow,laburrowbs@craigslist.org
Gustav,Levesley,glevesleybt@businesswire.com
Astrix,Gemlbett,agemlbettbu@jalbum.net
Jessamyn,Witty,jwittybv@who.int
Phillis,Bonnefin,pbonnefinbw@mlb.com
Gwenneth,Eat,geatbx@xing.com
Tymon,Iamittii,tiamittiiby@1688.com
Mirella,Outerbridge,mouterbridgebz@abc.net.au
Vilma,Boydon,vboydonc0@sina.com.cn
Pennie,Cavnor,pcavnorc1@ow.ly
Perry,Churchman,pchurchmanc2@forbes.com
Duane,Sessions,dsessionsc3@purevolume.com
Lotti,Abbots,labbotsc4@blogspot.com
Claribel,Shuxsmith,cshuxsmithc5@comcast.net
Lottie,Metcalfe,lmetcalfec6@latimes.com
Aeriela,Habbershon,ahabbershonc7@statcounter.com
Dietrich,McGiffin,dmcgiffinc8@issuu.com
Lonnie,Vidyapin,lvidyapinc9@netvibes.com
Trixy,Bezley,tbezleyca@dmoz.org
Fee,Kemball,fkemballcb@slideshare.net
Julina,Santi,jsanticc@desdev.cn
Wayland,Fincken,wfinckencd@hao123.com
Nadya,Wynes,nwynesce@myspace.com
Alexi,Monte,amontecf@xing.com
Gail,Teal,gtealcg@mozilla.com
Aarika,Blemen,ablemench@stumbleupon.com
Kurt,Gaukrodge,kgaukrodgeci@oaic.gov.au
Adeline,Cutchee,acutcheecj@nydailynews.com
Bendick,Carlino,bcarlinock@ibm.com
Tanitansy,Goodlad,tgoodladcl@netvibes.com
Adrien,Hardwick,ahardwickcm@pagesperso-orange.fr
Peadar,Binstead,pbinsteadcn@usa.gov
Andeee,Garlant,agarlantco@123-reg.co.uk
Juliette,Haig,jhaigcp@webnode.com
Sidney,Cavolini,scavolinicq@go.com
Raven,Slocom,rslocomcr@purevolume.com
Alanna,Kingsnode,akingsnodecs@constantcontact.com
Ansell,Agerskow,aagerskowct@technorati.com
Donni,Skeffington,dskeffingtoncu@blogs.com
Nevins,Paulucci,npauluccicv@hhs.gov
Florella,Swinfen,fswinfencw@123-reg.co.uk
Elianora,Sambrook,esambrookcx@cargocollective.com
Currey,Mustchin,cmustchincy@huffingtonpost.com
Tadd,Andrin,tandrincz@mayoclinic.com
Mac,Cashman,mcashmand0@soup.io
Anthiathia,Crinkley,acrinkleyd1@jiathis.com
Candis,De Ath,cdeathd2@kickstarter.com
Jeanna,Kupis,jkupisd3@redcross.org
Barbabra,Grzelczyk,bgrzelczykd4@noaa.gov
Rozelle,Liveley,rliveleyd5@time.com
Salmon,Kolin,skolind6@ameblo.jp
Guntar,Corinton,gcorintond7@sciencedirect.com
Bevan,Degnen,bdegnend8@epa.gov
Joachim,Dalziell,jdalzielld9@slideshare.net
Gibby,Jezard,gjezardda@a8.net
Vonny,Brislan,vbrislandb@slate.com
Merrile,Howatt,mhowattdc@cyberchimps.com
Crissie,Koenen,ckoenendd@live.com
Candy,Martinon,cmartinonde@histats.com
Blaine,Fern,bferndf@fastcompany.com
Tiphanie,Keatch,tkeatchdg@webmd.com
Hazel,Tures,hturesdh@hibu.com
Charmine,Apark,caparkdi@google.cn
Giorgia,Philot,gphilotdj@slideshare.net
Asher,Rubenfeld,arubenfelddk@photobucket.com
Reid,Haglington,rhaglingtondl@biglobe.ne.jp
Tabatha,Shorey,tshoreydm@rambler.ru
Daisie,Soigne,dsoignedn@npr.org
Rees,Siebert,rsiebertdo@cnbc.com
Katy,Kuhndel,kkuhndeldp@mysql.com
Cesaro,Salzburger,csalzburgerdq@cam.ac.uk
Naomi,Farnon,nfarnondr@berkeley.edu
Regina,Strutton,rstruttonds@dailymotion.com
Owen,Dietmar,odietmardt@sciencedirect.com
Ulick,Smalles,usmallesdu@pinterest.com
Kevina,MacSkeagan,kmacskeagandv@linkedin.com
Bearnard,Roantree,broantreedw@economist.com
Elysee,Gronowe,egronowedx@mozilla.org
Stafford,McClory,smcclorydy@tumblr.com
Stuart,Nutman,snutmandz@w3.org
Dunstan,Whightman,dwhightmane0@epa.gov
Wally,Iannazzi,wiannazzie1@ft.com
Tabatha,Vaadeland,tvaadelande2@twitpic.com
Ransell,De Lorenzo,rdelorenzoe3@kickstarter.com
Crissy,Phear,cpheare4@go.com
Gunilla,Saunderson,gsaundersone5@accuweather.com
Roch,Kenion,rkenione6@wired.com
Ira,Waite,iwaitee7@imageshack.us
Teddy,Mitchelmore,tmitchelmoree8@admin.ch
Alyse,Alsina,aalsinae9@discuz.net
Olly,Coultas,ocoultasea@ucoz.com
Isidore,MacKeague,imackeagueeb@usa.gov
Mirilla,Fosbraey,mfosbraeyec@answers.com
Tierney,Orta,tortaed@chronoengine.com
Shannah,Hayes,shayesee@wsj.com
Benni,Dumbar,bdumbaref@state.gov
Maridel,Peiser,mpeisereg@yahoo.com
Sherwin,Barrington,sbarringtoneh@myspace.com
Padriac,Cossom,pcossomei@tuttocitta.it
Ruy,Josilevich,rjosilevichej@paginegialle.it
Dorene,Rawet,drawetek@time.com
Neile,Yackiminie,nyackiminieel@time.com
Forester,Roddy,froddyem@printfriendly.com
Aldrich,Sands,asandsen@unicef.org
Pascal,Gillatt,pgillatteo@irs.gov
Renate,Ratie,rratieep@nifty.com
Orrin,Topliss,otoplisseq@eepurl.com
Meaghan,Butterworth,mbutterworther@jimdo.com
Maritsa,Bagnold,mbagnoldes@wikia.com
Culley,Castelletto,ccastellettoet@ucla.edu
Lazare,Brundle,lbrundleeu@yahoo.com
Melli,Bende,mbendeev@princeton.edu
Sydney,Lys,slysew@squarespace.com
Leone,Davidowsky,ldavidowskyex@mac.com
Sullivan,Fetherston,sfetherstoney@bloomberg.com
Maxy,McCarrell,mmccarrellez@independent.co.uk
Justin,Van,jvanf0@ihg.com
Imogene,Gotthard.sf,igotthardsff1@msu.edu
Clea,Stollen,cstollenf2@odnoklassniki.ru
Justina,Allworthy,jallworthyf3@umn.edu
Andie,Nabarro,anabarrof4@hostgator.com
Mitzi,Paule,mpaulef5@1und1.de
Erhard,Trustram,etrustramf6@cafepress.com
Regan,Camel,rcamelf7@geocities.jp
Ginnifer,Urling,gurlingf8@surveymonkey.com
Shayne,Fussey,sfusseyf9@163.com
Zitella,Ashburne,zashburnefa@chron.com
Corrianne,Barde,cbardefb@csmonitor.com
Ginni,Bibey,gbibeyfc@blog.com
Valry,Smallwood,vsmallwoodfd@hao123.com
Hanny,Creddon,hcreddonfe@geocities.com
Ricky,Kingcote,rkingcoteff@example.com
Ayn,Daal,adaalfg@blogspot.com
Annis,Olennikov,aolennikovfh@vistaprint.com
Cos,Brittoner,cbrittonerfi@hibu.com
Herbie,Minghi,hminghifj@seesaa.net
Bernete,Rabl,brablfk@hhs.gov
Sondra,Hobell,shobellfl@blog.com
Blakelee,Coils,bcoilsfm@google.nl
Inna,Burburough,iburburoughfn@wikimedia.org
Jodi,Mathias,jmathiasfo@spotify.com
Marie,Lawtie,mlawtiefp@delicious.com
Ambrosio,Jobbing,ajobbingfq@51.la
Cello,Soppett,csoppettfr@amazon.co.uk
Binni,Dachey,bdacheyfs@jimdo.com
Parsifal,Oliva,polivaft@ucsd.edu
Cherrita,Rahlof,crahloffu@webmd.com
Francois,MacDonagh,fmacdonaghfv@sphinn.com
Dina,Rosberg,drosbergfw@jigsy.com
Bibbie,Macconachy,bmacconachyfx@live.com
Burlie,Mowsdale,bmowsdalefy@berkeley.edu
Shayna,Clarson,sclarsonfz@netvibes.com
Joe,Pledger,jpledgerg0@mit.edu
Balduin,Sofe,bsofeg1@barnesandnoble.com
Bobette,Doman,bdomang2@pbs.org
Cece,Ilyuchyov,cilyuchyovg3@angelfire.com
Edik,Itzchaky,eitzchakyg4@epa.gov
Dorice,Tratton,dtrattong5@wix.com
Seamus,Catherine,scatherineg6@webnode.com
Kendrick,Prangnell,kprangnellg7@qq.com
Michaela,Blissitt,mblissittg8@merriam-webster.com
Kenneth,de Broke,kdebrokeg9@arstechnica.com
Luca,Look,llookga@lycos.com
Adele,Noden,anodengb@youtube.com
Waylen,Cherrington,wcherringtongc@edublogs.org
Jo,Clapham,jclaphamgd@deviantart.com
Mikael,McEntee,mmcenteege@bbb.org
Anabella,Gheerhaert,agheerhaertgf@yahoo.co.jp
Nani,Tustin,ntustingg@comsenz.com
Lowrance,Bondar,lbondargh@wikimedia.org
Trudy,Studde,tstuddegi@howstuffworks.com
Paquito,Murra,pmurragj@mac.com
Candace,Lazenby,clazenbygk@ocn.ne.jp
Heidie,Le Noury,hlenourygl@huffingtonpost.com
Ricardo,Elsy,relsygm@gizmodo.com
Lelah,Doge,ldogegn@barnesandnoble.com
Monroe,Baybutt,mbaybuttgo@eventbrite.com
Emilio,Surfleet,esurfleetgp@latimes.com
Marline,Baudin,mbaudingq@cmu.edu
Simon,Shapira,sshapiragr@4shared.com
Kamila,Minichi,kminichigs@admin.ch
Tandie,Bastiman,tbastimangt@toplist.cz
Charity,Bricksey,cbrickseygu@bbc.co.uk
Antin,Yurenin,ayureningv@mozilla.org
Christian,Blackadder,cblackaddergw@soundcloud.com
Madeline,Mattheis,mmattheisgx@chron.com
Kristine,Rispen,krispengy@nbcnews.com
Ferne,Greenly,fgreenlygz@sphinn.com
Gunner,Pesterfield,gpesterfieldh0@creativecommons.org
Sheffield,McHardy,smchardyh1@delicious.com
Flossy,Eton,fetonh2@seesaa.net
Darya,Dollard,ddollardh3@alexa.com
Kimmi,Wych,kwychh4@eventbrite.com
Audie,Scurlock,ascurlockh5@cdc.gov
Waverly,Trittam,wtrittamh6@umich.edu
Karl,Basil,kbasilh7@webmd.com
Nanette,Sancraft,nsancrafth8@behance.net
Gena,Gilyatt,ggilyatth9@nasa.gov
Melissa,Clulee,mcluleeha@deliciousdays.com
Florian,Budibent,fbudibenthb@archive.org
Herminia,Goudy,hgoudyhc@example.com
Nathaniel,Lawlie,nlawliehd@tinypic.com
Costanza,Bagworth,cbagworthhe@amazon.co.jp
Nona,Polendine,npolendinehf@cocolog-nifty.com
Wheeler,Burtonwood,wburtonwoodhg@businessweek.com
Abigale,Keemar,akeemarhh@addtoany.com
Kelci,Fligg,kfligghi@github.com
Ilka,Paolillo,ipaolillohj@spiegel.de
Helge,McQuode,hmcquodehk@pbs.org
Ronda,Farens,rfarenshl@blogger.com
Preston,Bagenal,pbagenalhm@domainmarket.com
Rutherford,Hocking,rhockinghn@homestead.com
Lyndsie,Fishburn,lfishburnho@icq.com
Sherwood,Dongall,sdongallhp@acquirethisname.com
Stanly,Norris,snorrishq@shop-pro.jp
Faythe,Cabrales,fcabraleshr@youku.com
Chev,Desouza,cdesouzahs@wunderground.com
May,Challoner,mchallonerht@imageshack.us
Rik,Dearell,rdearellhu@sakura.ne.jp
Eadmund,Caddick,ecaddickhv@washington.edu
Blythe,Haliburton,bhaliburtonhw@4shared.com
Camellia,Coppeard,ccoppeardhx@cloudflare.com
Abbye,Beere,abeerehy@netlog.com
Kevin,Greene,kgreenehz@shinystat.com
Rosana,Impy,rimpyi0@tripod.com
Marsiella,Albrooke,malbrookei1@smugmug.com
Cameron,Dary,cdaryi2@nih.gov
Corbett,Stener,csteneri3@fotki.com
Fancy,Rogge,froggei4@hexun.com
Janeva,Petruszka,jpetruszkai5@behance.net
Ambros,Smedley,asmedleyi6@360.cn
Josselyn,Klempke,jklempkei7@dion.ne.jp
Corabel,Cardinal,ccardinali8@nature.com
Cleon,Chafer,cchaferi9@latimes.com
Odell,Lenney,olenneyia@slideshare.net
Kimmie,Coughan,kcoughanib@lulu.com
Vaughan,Songest,vsongestic@theguardian.com
Koo,Ofen,kofenid@wired.com
Gabi,Bootton,gboottonie@hp.com
Cesare,Bramont,cbramontif@europa.eu
Rosita,Kubera,rkuberaig@ft.com
Lavinie,Dysert,ldysertih@amazonaws.com
Madlen,Snazle,msnazleii@tmall.com
Grethel,Wantling,gwantlingij@globo.com
Nealy,Khosa,nkhosaik@histats.com
Jeremy,Boxhall,jboxhallil@yahoo.com
Nealy,Addyman,naddymanim@archive.org
Brion,Dargue,bdarguein@nbcnews.com
Conchita,Vince,cvinceio@facebook.com
Hale,Redwood,hredwoodip@about.com
Kailey,Tooher,ktooheriq@admin.ch
Waldon,Wigfall,wwigfallir@huffingtonpost.com
Broderick,Schimmang,bschimmangis@nasa.gov
Vivia,De Hooch,vdehoochit@people.com.cn
Marie-ann,Soans,msoansiu@com.com
Laryssa,Stenett,lstenettiv@mtv.com
Kacy,Dubock,kdubockiw@altervista.org
Gerianne,Kendrew,gkendrewix@nasa.gov
Wynn,Segge,wseggeiy@g.co
Harmonie,Marritt,hmarrittiz@hhs.gov
Lyndsay,Gollin,lgollinj0@scientificamerican.com
Francois,Gonnet,fgonnetj1@dmoz.org
Filip,Cowans,fcowansj2@hibu.com
Gianni,Vahl,gvahlj3@networksolutions.com
Janela,Graybeal,jgraybealj4@mashable.com
Pru,Goublier,pgoublierj5@spiegel.de
Vallie,Galier,vgalierj6@g.co
Riobard,Gallop,rgallopj7@wix.com
Louella,Tees,lteesj8@drupal.org
Wandie,Attwool,wattwoolj9@weather.com
Marna,Saben,msabenja@diigo.com
Atlanta,Fawthorpe,afawthorpejb@weather.com
Ralf,Mabon,rmabonjc@icio.us
Harlan,Monckton,hmoncktonjd@twitter.com
Reid,Pardal,rpardalje@google.ru
Vanya,Chatwin,vchatwinjf@live.com
Robinson,Baudins,rbaudinsjg@tamu.edu
Donella,Counihan,dcounihanjh@pinterest.com
Mable,Tayt,mtaytji@seesaa.net
Lexis,Minchin,lminchinjj@sciencedirect.com
Randi,Cumberland,rcumberlandjk@hud.gov
Lauri,Gilman,lgilmanjl@plala.or.jp
Maurise,Hanning,mhanningjm@123-reg.co.uk
Meryl,Roggero,mroggerojn@yahoo.com
Cyndie,Yarham,cyarhamjo@vimeo.com
Sascha,Fant,sfantjp@ustream.tv
Loutitia,Arend,larendjq@theatlantic.com
Granville,Rouch,grouchjr@lulu.com
Hildagard,Latty,hlattyjs@sitemeter.com
Renell,Garbar,rgarbarjt@simplemachines.org
Kandace,Bierton,kbiertonju@histats.com
Jenda,McLane,jmclanejv@chicagotribune.com
Adorne,Shufflebotham,ashufflebothamjw@phoca.cz
Burke,Van der Kruys,bvanderkruysjx@pinterest.com
Billy,Guidini,bguidinijy@huffingtonpost.com
Fae,Jinkins,fjinkinsjz@vimeo.com
Consuela,Mouget,cmougetk0@jalbum.net
Helga,Juschke,hjuschkek1@huffingtonpost.com
Torry,L'Episcopio,tlepiscopiok2@seattletimes.com
Magnum,Wholesworth,mwholesworthk3@seattletimes.com
Wolfie,Pfaffe,wpfaffek4@myspace.com
Talia,O' Faherty,tofahertyk5@aol.com
Rene,Tizzard,rtizzardk6@wufoo.com
Bond,Martyns,bmartynsk7@icq.com
Susanna,Noury,snouryk8@wikispaces.com
Daffy,Loughlin,dloughlink9@berkeley.edu
Roseanne,Beminster,rbeminsterka@fastcompany.com
Jarret,Dyche,jdychekb@ihg.com
Dall,Esmonde,desmondekc@epa.gov
Lyndel,Corps,lcorpskd@xrea.com
Toddie,Colyer,tcolyerke@webeden.co.uk
Phaidra,Trainer,ptrainerkf@shareasale.com
Galven,Strike,gstrikekg@springer.com
Koralle,Headon,kheadonkh@google.co.jp
Coriss,Swalwel,cswalwelki@alibaba.com
Ada,Stubbs,astubbskj@fc2.com
Karen,MacKerley,kmackerleykk@boston.com
Kara-lynn,Randalson,krandalsonkl@ehow.com
Wilhelm,Row,wrowkm@webs.com
Alexandr,Triggle,atrigglekn@lycos.com
Kerrin,McNee,kmcneeko@hatena.ne.jp
Molly,Vankeev,mvankeevkp@icio.us
Bekki,Ferrea,bferreakq@example.com
Emile,Ashburner,eashburnerkr@gmpg.org
Ellyn,Gutierrez,egutierrezks@vistaprint.com
Selie,Mortel,smortelkt@prweb.com
Genevra,Wabersich,gwabersichku@berkeley.edu
Emmet,Verman,evermankv@hp.com
Kyle,Roden,krodenkw@un.org
Andonis,Westberg,awestbergkx@bandcamp.com
Nestor,Venables,nvenablesky@1und1.de
Bud,Gegg,bgeggkz@phoca.cz
Marlane,Tickner,mticknerl0@myspace.com
Durward,Bonnyson,dbonnysonl1@mozilla.com
Devin,Klimpke,dklimpkel2@nyu.edu
Tomasina,Breadon,tbreadonl3@people.com.cn
Edgar,Groom,egrooml4@mediafire.com
Brina,Reinger,breingerl5@toplist.cz
Gino,Simpson,gsimpsonl6@apache.org
Sonni,Di Roberto,sdirobertol7@statcounter.com
Gil,Gough,ggoughl8@gnu.org
Wilie,Guerreru,wguerrerul9@naver.com
Ammamaria,Kirvin,akirvinla@google.co.uk
Edita,Doohan,edoohanlb@yellowpages.com
Thoma,Dennett,tdennettlc@networkadvertising.org
Olivero,Faulconer,ofaulconerld@earthlink.net
Suzanna,Prestedge,sprestedgele@com.com
Lenard,O'Caherny,locahernylf@deliciousdays.com
Elysee,Merry,emerrylg@furl.net
Cullin,Stiling,cstilinglh@unicef.org
Brandice,Knotton,bknottonli@opera.com
Norri,Proom,nproomlj@plala.or.jp
Bobina,Hackforth,bhackforthlk@squidoo.com
Enriqueta,Lettice,eletticell@usgs.gov
Teri,Drinnan,tdrinnanlm@hp.com
Bert,Morby,bmorbyln@smh.com.au
Candida,Lawtie,clawtielo@ucoz.ru
Waiter,Isgar,wisgarlp@yahoo.com
Jerrome,Aldwinckle,jaldwincklelq@bbc.co.uk
Loraine,Summerlie,lsummerlielr@dailymail.co.uk
Aretha,Kleeborn,akleebornls@live.com
Chiquia,Presley,cpresleylt@yolasite.com
Rosamund,Briatt,rbriattlu@printfriendly.com
Margette,Hillhouse,mhillhouselv@ucsd.edu
Fianna,Scarrisbrick,fscarrisbricklw@squidoo.com
Roger,Amburgy,ramburgylx@bbc.co.uk
Vonny,Roseborough,vroseboroughly@posterous.com
Billy,Fitzjohn,bfitzjohnlz@google.fr
Bat,Kalker,bkalkerm0@umn.edu
Adriena,Caseri,acaserim1@parallels.com
Frederigo,Liddel,fliddelm2@shutterfly.com
Donica,Mardoll,dmardollm3@disqus.com
Lucian,Gregori,lgregorim4@booking.com
Elaine,Andrus,eandrusm5@cpanel.net
Wat,Capron,wcapronm6@altervista.org
Ingelbert,Darkin,idarkinm7@squidoo.com
Elsbeth,Forsythe,eforsythem8@weather.com
Bell,Brough,bbroughm9@addtoany.com
Demott,Deares,ddearesma@symantec.com
Corny,Sayse,csaysemb@opera.com
Leeanne,Geane,lgeanemc@reddit.com
Rab,Mathiasen,rmathiasenmd@wix.com
Dianne,Gyngell,dgyngellme@vistaprint.com
Nicolai,Emmitt,nemmittmf@twitter.com
Hirsch,Titherington,htitheringtonmg@networksolutions.com
Eugen,Flament,eflamentmh@yellowpages.com
Tedd,King,tkingmi@rakuten.co.jp
Florencia,Alyonov,falyonovmj@gmpg.org
Garnette,Kite,gkitemk@networkadvertising.org
Abram,Currom,acurromml@accuweather.com
Brenden,Twinberrow,btwinberrowmm@devhub.com
Rhianna,Orneles,rornelesmn@chicagotribune.com
Ray,Szimon,rszimonmo@php.net
Virgina,Grieves,vgrievesmp@cam.ac.uk
Veronika,Wallbridge,vwallbridgemq@taobao.com
Dahlia,Seedhouse,dseedhousemr@ucoz.ru
Brade,Gallifont,bgallifontms@wsj.com
Kerrin,Benneton,kbennetonmt@tmall.com
Brodie,Joscelyne,bjoscelynemu@deviantart.com
Ophelie,Shillinglaw,oshillinglawmv@mashable.com
Trixy,McIlrath,tmcilrathmw@webnode.com
Nan,Muckley,nmuckleymx@reuters.com
Kellen,Delagua,kdelaguamy@woothemes.com
Gabie,Pargetter,gpargettermz@imdb.com
Delmer,De Cristoforo,ddecristoforon0@cbslocal.com
Garold,Guyon,gguyonn1@washington.edu
Hetty,Yeude,hyeuden2@about.me
Christa,Lilie,clilien3@abc.net.au
Brantley,Reedick,breedickn4@wunderground.com
Cordell,Swales,cswalesn5@mtv.com
Sergent,Van Haeften,svanhaeftenn6@naver.com
Danni,Urvoy,durvoyn7@homestead.com
Angelina,Gallahue,agallahuen8@upenn.edu
Lyn,Wyness,lwynessn9@booking.com
Hubey,Moiser,hmoiserna@time.com
Kaja,Cammomile,kcammomilenb@pcworld.com
Jeremy,Maddigan,jmaddigannc@blog.com
Willamina,Puden,wpudennd@abc.net.au
Barrett,Benz,bbenzne@youtu.be
Lita,Rubinovitsch,lrubinovitschnf@squarespace.com
Mayer,Berrey,mberreyng@cam.ac.uk
Dorelia,Giorgio,dgiorgionh@angelfire.com
Dale,Fleote,dfleoteni@mashable.com
Gerri,Russam,grussamnj@boston.com
Corby,Westphal,cwestphalnk@fastcompany.com
Alli,Dudleston,adudlestonnl@gizmodo.com
Marris,Suggett,msuggettnm@fotki.com
Karry,Rottery,krotterynn@e-recht24.de
Daveen,Logan,dloganno@state.gov
Perri,Pincked,ppinckednp@google.com.au
Coral,Shelliday,cshellidaynq@paypal.com
Marget,Watting,mwattingnr@utexas.edu
Maureene,Branigan,mbraniganns@cyberchimps.com
Constanta,Konig,ckonignt@ucoz.ru
Amberly,Tarplee,atarpleenu@addthis.com
Laraine,Karpol,lkarpolnv@webs.com
Casi,Gagie,cgagienw@ftc.gov
Timmie,Normanvell,tnormanvellnx@accuweather.com
Danielle,McCamish,dmccamishny@ox.ac.uk
Lynda,Kilminster,lkilminsternz@washington.edu
Mannie,Tallquist,mtallquisto0@smugmug.com
Shirlene,Withers,switherso1@cornell.edu
Wald,Asling,waslingo2@china.com.cn
Sheilakathryn,Maher,smahero3@dmoz.org
Matthieu,Ledgard,mledgardo4@barnesandnoble.com
Cacilia,Swainson,cswainsono5@list-manage.com
Gonzalo,Featherstonhalgh,gfeatherstonhalgho6@ow.ly
Shaughn,Fernant,sfernanto7@woothemes.com
Joyan,Bleasdale,jbleasdaleo8@cnbc.com
Lammond,Rookwell,lrookwello9@sbwire.com
Mignonne,Goodanew,mgoodanewoa@aol.com
Christi,Bernucci,cbernucciob@spotify.com
Nisse,Cornill,ncornilloc@webmd.com
Elset,Shovelin,eshovelinod@oracle.com
Allys,Dillingston,adillingstonoe@devhub.com
Delcina,Garlicke,dgarlickeof@cisco.com
Phyllys,Schapero,pschaperoog@jugem.jp
Laurene,de Wilde,ldewildeoh@blogger.com
Godfree,Hastwall,ghastwalloi@hexun.com
Stephine,Rudkin,srudkinoj@shareasale.com
Warner,Marrable,wmarrableok@slashdot.org
Finlay,Bodycombe,fbodycombeol@apache.org
Midge,Whitman,mwhitmanom@disqus.com
Gail,Jendrusch,gjendruschon@livejournal.com
Janean,Hamal,jhamaloo@hugedomains.com
Trudi,Macieja,tmaciejaop@tinyurl.com
Calli,Stanborough,cstanboroughoq@t.co
Staci,D'Adamo,sdadamoor@cmu.edu
Agnella,Baseke,abasekeos@si.edu
Rafaello,Ajean,rajeanot@salon.com
Emory,Akeherst,eakeherstou@homestead.com
Addie,Skocroft,askocroftov@businesswire.com
Feliks,Klambt,fklambtow@mysql.com
Yule,Lawlee,ylawleeox@apple.com
Dedra,Ogus,dogusoy@umn.edu
Orazio,Kempstone,okempstoneoz@salon.com
Adah,Yeats,ayeatsp0@sciencedirect.com
Marika,Lere,mlerep1@delicious.com
Cara,Geck,cgeckp2@theatlantic.com
Alisun,McPhillips,amcphillipsp3@dropbox.com
Cynthia,Igounet,cigounetp4@spotify.com
Rubi,Heather,rheatherp5@tamu.edu
Sherman,MacGillivrie,smacgillivriep6@dmoz.org
Brady,Coetzee,bcoetzeep7@mozilla.com
Inness,Westrey,iwestreyp8@economist.com
Modestine,Thelwll,mthelwllp9@europa.eu
Lanae,Lerway,llerwaypa@cisco.com
Ellswerth,Ridulfo,eridulfopb@constantcontact.com
Hilary,Warne,hwarnepc@columbia.edu
Merola,Birtwisle,mbirtwislepd@cbsnews.com
Quentin,Wattinham,qwattinhampe@archive.org
Itch,Wingeat,iwingeatpf@networkadvertising.org
Alfreda,McKea,amckeapg@amazon.co.uk
Diane,Spyvye,dspyvyeph@pcworld.com
Marion,Heymann,mheymannpi@uiuc.edu
Eudora,Bote,ebotepj@infoseek.co.jp
Alfonso,Maudsley,amaudsleypk@digg.com
Barris,Marner,bmarnerpl@seattletimes.com
Micki,Bufton,mbuftonpm@seesaa.net
Malina,Liddy,mliddypn@about.me
Tabbie,Rubinlicht,trubinlichtpo@usnews.com
Tabby,Done,tdonepp@blogs.com
Beniamino,Tredinnick,btredinnickpq@sbwire.com
Eldin,Shafier,eshafierpr@ebay.co.uk
Adey,Erington,aeringtonps@seesaa.net
Kalila,Sargood,ksargoodpt@canalblog.com
Ellyn,Bilbey,ebilbeypu@trellian.com
Emmye,Finders,efinderspv@state.gov
Starr,Jacqueminet,sjacqueminetpw@hexun.com
Bobby,Beckers,bbeckerspx@army.mil
Jaimie,Glasscoo,jglasscoopy@feedburner.com
Katerine,Ratt,krattpz@cmu.edu
Rowe,Brecken,rbreckenq0@simplemachines.org
Oralle,Hambers,ohambersq1@gov.uk
Pinchas,Van de Vlies,pvandevliesq2@sitemeter.com
Danit,Jolland,djollandq3@ehow.com
Nollie,Yirrell,nyirrellq4@mit.edu
Marris,Eltone,meltoneq5@paypal.com
Flem,Swayton,fswaytonq6@exblog.jp
Jermain,Traut,jtrautq7@nps.gov
Velvet,Cluet,vcluetq8@unicef.org
Nelia,Westman,nwestmanq9@devhub.com
Maye,Cockings,mcockingsqa@bloglines.com
Anissa,McDavitt,amcdavittqb@ibm.com
Clement,Campbell-Dunlop,ccampbelldunlopqc@delicious.com
Janelle,Pellman,jpellmanqd@storify.com
Gene,Whitlock,gwhitlockqe@tinyurl.com
Ynez,Tomasello,ytomaselloqf@patch.com
Gerhard,Ximenez,gximenezqg@parallels.com
Francklin,Lapere,flapereqh@psu.edu
Brynne,Chimes,bchimesqi@craigslist.org
Jyoti,Thirtle,jthirtleqj@edublogs.org
Gordie,Flucker,gfluckerqk@google.nl
Cacilie,Phebee,cphebeeql@sohu.com
Teodoor,Camock,tcamockqm@paginegialle.it
Jeanne,D'Ambrosi,jdambrosiqn@toplist.cz
Ashley,Yourell,ayourellqo@ustream.tv
Doroteya,Dictus,ddictusqp@marketwatch.com
Paule,Orae,poraeqq@quantcast.com
Nike,Allgood,nallgoodqr@home.pl
Berni,Wyson,bwysonqs@sphinn.com
Jaclyn,Khomich,jkhomichqt@flavors.me
Lombard,Stockney,lstockneyqu@acquirethisname.com
Cherye,Luberti,clubertiqv@chronoengine.com
Alyce,Kobieriecki,akobierieckiqw@edublogs.org
Menard,Tolman,mtolmanqx@deviantart.com
Othilia,MacDougal,omacdougalqy@tiny.cc
Yvon,Pipe,ypipeqz@va.gov
Innis,Mills,imillsr0@usgs.gov
Teddi,Malcolm,tmalcolmr1@wikipedia.org
Meredithe,McLarens,mmclarensr2@pen.io
Myron,Junkinson,mjunkinsonr3@usnews.com
Dorrie,Slatcher,dslatcherr4@unesco.org
Nerte,Cominello,ncominellor5@themeforest.net
Francine,Rigolle,frigoller6@dedecms.com
Alon,Greatrakes,agreatrakesr7@i2i.jp
Gilberto,Mattiassi,gmattiassir8@amazon.co.jp
Burke,Gladden,bgladdenr9@yellowpages.com
Nadean,Pullman,npullmanra@de.vu
Shell,Whitebrook,swhitebrookrb@yahoo.co.jp
Ellery,Pharro,epharrorc@i2i.jp
Margret,Cregg,mcreggrd@list-manage.com
Webb,Arthan,warthanre@npr.org
Haydon,O'Lagen,holagenrf@chicagotribune.com
Silvain,Jacquemy,sjacquemyrg@rambler.ru
Cori,Yukhnevich,cyukhnevichrh@yandex.ru
Quincey,O'Dougherty,qodoughertyri@blinklist.com
Britta,Leverette,bleveretterj@theatlantic.com
Bertha,Battle,bbattlerk@csmonitor.com
Ashlan,Tonbye,atonbyerl@senate.gov
Lorrin,Grimsdell,lgrimsdellrm@imgur.com
Moyna,Collingworth,mcollingworthrn@weibo.com
Ernesta,Fawley,efawleyro@hhs.gov
Urbano,Mingauld,umingauldrp@elpais.com
Cirstoforo,Deavall,cdeavallrq@uol.com.br
Hortense,Kilty,hkiltyrr@gmpg.org
